Strategy,Return %,CAGR %,vs B&H %,Sharpe,Max DD %,Calmar,Win Rate %,Trades
Forecast-Based Strategy,476711.8889434488,126.63844455009614,1300.4875827944243,2.183264904249063,50.55764773722961,2.504832606301068,96.0,50
Forecast Momentum,444087.4767574346,125.09202849488123,1204.6634533589713,2.146825852256962,50.557647737229615,2.474245422671554,91.30434782608695,46
Buy and Hold,33895.06550140682,75.60561144121432,-0.15000000000000568,1.2546465770265807,83.73301411749812,0.9029366999152922,0.0,1
Combined Strategy,20473.965539131503,67.28993924763272,-39.57033384750305,1.3556969139080135,73.6915710406339,0.913129389120076,83.33333333333334,24
Halving Cycle Strategy,617.315857147787,20.96586903326516,-97.89310632940999,0.886474633804553,56.77898347448102,0.36925403996864703,100.0,6
