Strategy,Return %,CAGR %,vs B&H %,Sharpe,Max DD %,Calmar,Win Rate %,Trades
Forecast Momentum,33.886828936928296,31.06594167557244,60.91828390310179,3.4874406573298327,2.1435254786776,14.492919251297108,100.0,8
Forecast-Based Strategy,7.063488411691532,6.531605231378856,28.67937018663018,0.5875804336956829,7.989668326767207,0.8175064300850252,100.0,4
Combined Strategy,0.0,0.0,20.189779069984205,0.0,0.0,0.0,0.0,0
Halving Cycle Strategy,0.0,0.0,20.189779069984205,0.0,0.0,0.0,0.0,0
Buy and Hold,-16.923052215730205,-15.791486476859918,-0.15000000000000568,-0.21541999348400365,35.69679232210524,-0.4423783048730975,0.0,1
